bourbon-barrel-foods,"http://bourbonbarrelfoods.com/"
cellar-door-chocolates,"http://www.cellardoorchocolates.com/"
old-502-winery,"http://old502.com/#home"
211-clover-lane,"http://211clover.com/"
mayan-cafe,"http://themayancafe.com/"
wallitsch-nursery-and-garden-center,"http://www.wallitsch.net/"
listing-all-cars,"http://listingallcars.com/"
barton-1792-distillery,"http://www.1792bourbon.com/"
bostons-floral-couture,"http://www.bostonsfloral.com/"
elements-massage,"http://elementsmassage.com/louisvilleeast"
southern-wine-and-spirits,"http://www.southernwine.com/OfficesNationwide/Kentucky/KYHome.aspx"
the-wulfe-brothers,"#"
turners-circus,"#"
the-fun-time-photo-booth,"http://www.funtimephotobooth.com/"
the-speakers-studio,"http://www.katebringardner.com/"